{
  "model_name": "efficientnet_b0",
  "test_accuracy": 0.6951111111111111,
  "macro_precision": 0.6974387905529558,
  "macro_recall": 0.695111111111111,
  "macro_f1": 0.6851877482093759,
  "weighted_f1": 0.685187748209376
}